{
  "id": "/subscriptions/e9e7121c-16d6-427e-9f83-810df77678fd/resourceGroups/FreeLance/providers/Microsoft.Resources/deployments/Microsoft.CognitiveServicesCustomVision",
  "name": "Microsoft.CognitiveServicesCustomVision",
  "type": "Microsoft.Resources/deployments",
  "tags": {
    "primaryResourceId": "/subscriptions/e9e7121c-16d6-427e-9f83-810df77678fd/resourcegroups/FreeLance/providers/Microsoft.CognitiveServices/accounts/plate-number-recognition",
    "marketplaceItemId": "Microsoft.CognitiveServicesCustomVision",
    "provisioningHash": "CognitiveServicesCustomVisionBoth"
  },
  "properties": {
    "templateHash": "2410696771770650819",
    "parameters": {
      "trainingName": {
        "type": "String",
        "value": "plate-number-recognition"
      },
      "predictionName": {
        "type": "String",
        "value": "platenumberrecogni-Prediction"
      },
      "trainingLocation": {
        "type": "String",
        "value": "eastus"
      },
      "predictionLocation": {
        "type": "String",
        "value": "eastus"
      },
      "trainingSku": {
        "type": "String",
        "value": "F0"
      },
      "predictionSku": {
        "type": "String",
        "value": "F0"
      }
    },
    "mode": "Incremental",
    "debugSetting": {
      "detailLevel": "None"
    },
    "provisioningState": "Succeeded",
    "timestamp": "2021-05-15T20:29:47.4320378Z",
    "duration": "PT2M8.799682S",
    "correlationId": "47a1a055-3783-42af-8fba-053522b8f69a",
    "providers": [
      {
        "namespace": "Microsoft.CognitiveServices",
        "resourceTypes": [
          {
            "resourceType": "accounts",
            "locations": [
              "eastus"
            ]
          }
        ]
      }
    ],
    "dependencies": [
      {
        "dependsOn": [
          {
            "id": "/subscriptions/e9e7121c-16d6-427e-9f83-810df77678fd/resourceGroups/FreeLance/providers/Microsoft.CognitiveServices/accounts/platenumberrecogni-Prediction",
            "resourceType": "Microsoft.CognitiveServices/accounts",
            "resourceName": "platenumberrecogni-Prediction"
          }
        ],
        "id": "/subscriptions/e9e7121c-16d6-427e-9f83-810df77678fd/resourceGroups/FreeLance/providers/Microsoft.CognitiveServices/accounts/plate-number-recognition",
        "resourceType": "Microsoft.CognitiveServices/accounts",
        "resourceName": "plate-number-recognition"
      }
    ],
    "outputResources": [
      {
        "id": "/subscriptions/e9e7121c-16d6-427e-9f83-810df77678fd/resourceGroups/FreeLance/providers/Microsoft.CognitiveServices/accounts/platenumberrecogni-Prediction"
      },
      {
        "id": "/subscriptions/e9e7121c-16d6-427e-9f83-810df77678fd/resourceGroups/FreeLance/providers/Microsoft.CognitiveServices/accounts/plate-number-recognition"
      }
    ],
    "validationLevel": "Template"
  }
}