[
  {
    "id": "/subscriptions/e9e7121c-16d6-427e-9f83-810df77678fd/resourceGroups/FreeLance/providers/Microsoft.Resources/deployments/Microsoft.CognitiveServicesCustomVision/operations/EAE3E4C60FC02123",
    "operationId": "EAE3E4C60FC02123",
    "properties": {
      "provisioningOperation": "Create",
      "provisioningState": "Succeeded",
      "timestamp": "2021-05-15T20:29:47.3248952Z",
      "duration": "PT2M2.1889475S",
      "trackingId": "22094593-3a61-41bd-92ac-02a394756f80",
      "serviceRequestId": "4b8200f3-7fe4-459d-9792-6fccc108ceff",
      "statusCode": "OK",
      "targetResource": {
        "id": "/subscriptions/e9e7121c-16d6-427e-9f83-810df77678fd/resourceGroups/FreeLance/providers/Microsoft.CognitiveServices/accounts/plate-number-recognition",
        "resourceType": "Microsoft.CognitiveServices/accounts",
        "resourceName": "plate-number-recognition"
      }
    }
  },
  {
    "id": "/subscriptions/e9e7121c-16d6-427e-9f83-810df77678fd/resourceGroups/FreeLance/providers/Microsoft.Resources/deployments/Microsoft.CognitiveServicesCustomVision/operations/37A77A7D57C49303",
    "operationId": "37A77A7D57C49303",
    "properties": {
      "provisioningOperation": "Create",
      "provisioningState": "Succeeded",
      "timestamp": "2021-05-15T20:29:20.1148474Z",
      "duration": "PT1M34.9788997S",
      "trackingId": "5290ee61-d491-4dc9-b765-2e5a535b495c",
      "serviceRequestId": "39ef3449-cab1-4879-ad79-1a032e96b1b9",
      "statusCode": "OK",
      "targetResource": {
        "id": "/subscriptions/e9e7121c-16d6-427e-9f83-810df77678fd/resourceGroups/FreeLance/providers/Microsoft.CognitiveServices/accounts/platenumberrecogni-Prediction",
        "resourceType": "Microsoft.CognitiveServices/accounts",
        "resourceName": "platenumberrecogni-Prediction"
      }
    }
  },
  {
    "id": "/subscriptions/e9e7121c-16d6-427e-9f83-810df77678fd/resourceGroups/FreeLance/providers/Microsoft.Resources/deployments/Microsoft.CognitiveServicesCustomVision/operations/08585804964268452775",
    "operationId": "08585804964268452775",
    "properties": {
      "provisioningOperation": "EvaluateDeploymentOutput",
      "provisioningState": "Succeeded",
      "timestamp": "2021-05-15T20:29:47.4044326Z",
      "duration": "PT2M2.2684849S",
      "trackingId": "a6465d7d-e401-4cf3-a4bd-086a8f03dbc5",
      "statusCode": "OK"
    }
  }
]